{
  "total_return": -0.27017534681275146,
  "profit_factor": 0.666837574751354,
  "win_rate": 0.3181818181818182,
  "total_trades": 242,
  "status": "passed"
}