{
  "total_return": -0.06919312403535187,
  "profit_factor": 0.7834278207100627,
  "payoff_ratio": 1.4409259762673485,
  "win_rate": 0.35220468154599893,
  "total_trades": 1837,
  "max_drawdown": 0.07609761735359466,
  "status": "failed"
}